UF;Cod_Infração;Quantidade
ACRE;5010;1
ACRE;5169;1
ACRE;5185;10
ACRE;5452;1
ACRE;5479;1
ACRE;5550;3
ACRE;5568;1
ACRE;5673;1
ACRE;5681;1
ACRE;5720;1
ACRE;5746;1
ACRE;5819;1
ACRE;5835;2
ACRE;5843;1
ACRE;6050;4
ACRE;6700;2
ACRE;7048;1
ACRE;7340;1
ACRE;7455;12
ALAGOAS;5010;1
ALAGOAS;5045;1
ALAGOAS;5053;1
ALAGOAS;5070;1
ALAGOAS;5185;11
ALAGOAS;5193;1
ALAGOAS;5231;1
ALAGOAS;5282;1
ALAGOAS;5428;1
ALAGOAS;5444;1
ALAGOAS;5452;2
ALAGOAS;5479;3
ALAGOAS;5487;2
ALAGOAS;5541;8
ALAGOAS;5550;7
ALAGOAS;5673;3
ALAGOAS;5738;1
ALAGOAS;5746;5
ALAGOAS;5819;1
ALAGOAS;5835;2
ALAGOAS;5908;1
ALAGOAS;6033;1
ALAGOAS;6041;2
ALAGOAS;6050;12
ALAGOAS;6068;33
ALAGOAS;6610;3
ALAGOAS;6637;4
ALAGOAS;6645;4
ALAGOAS;6700;3
ALAGOAS;6726;5
ALAGOAS;6769;1
ALAGOAS;6823;1
ALAGOAS;6831;4
ALAGOAS;6858;2
ALAGOAS;6866;1
ALAGOAS;6912;2
ALAGOAS;6980;5
ALAGOAS;7030;1
ALAGOAS;7048;1
ALAGOAS;7218;1
ALAGOAS;7234;1
ALAGOAS;7242;5
ALAGOAS;7340;2
ALAGOAS;7366;2
ALAGOAS;7455;91
ALAGOAS;7463;37
ALAGOAS;7471;2
ALAGOAS;7579;2
ALAGOAS;7633;4
AMAPA;5010;1
AMAPA;5045;2
AMAPA;5118;1
AMAPA;5169;1
AMAPA;5185;600
AMAPA;5193;9
AMAPA;5207;5
AMAPA;5215;4
AMAPA;5231;1
AMAPA;5274;1
AMAPA;5347;1
AMAPA;5380;4
AMAPA;5401;1
AMAPA;5410;4
AMAPA;5428;2
AMAPA;5452;45
AMAPA;5460;1
AMAPA;5479;5
AMAPA;5487;26
AMAPA;5525;13
AMAPA;5541;106
AMAPA;5550;7
AMAPA;5568;15
AMAPA;5592;6
AMAPA;5606;5
AMAPA;5622;13
AMAPA;5657;1
AMAPA;5665;5
AMAPA;5673;10
AMAPA;5720;9
AMAPA;5738;153
AMAPA;5746;85
AMAPA;5789;1
AMAPA;5800;1
AMAPA;5819;45
AMAPA;5835;519
AMAPA;5843;2
AMAPA;5878;1
AMAPA;5908;1
AMAPA;6017;4
AMAPA;6025;1
AMAPA;6041;72
AMAPA;6050;198
AMAPA;6068;13
AMAPA;6076;1
AMAPA;6084;1
AMAPA;6122;170
AMAPA;6130;13
AMAPA;6157;4
AMAPA;6319;1
AMAPA;6564;4
AMAPA;6599;2
AMAPA;6637;1
AMAPA;6653;3
AMAPA;6858;2
AMAPA;6866;57
AMAPA;6912;2
AMAPA;6980;6
AMAPA;7030;3
AMAPA;7048;11
AMAPA;7064;35
AMAPA;7072;2
AMAPA;7196;1
AMAPA;7218;1
AMAPA;7242;1
AMAPA;7315;1
AMAPA;7358;1
AMAPA;7366;28
AMAPA;7455;10
AMAPA;7579;2
AMAPA;7625;4
AMAPA;7633;67
AMAZONAS;5010;38
AMAZONAS;5029;2
AMAZONAS;5037;3
AMAZONAS;5045;7
AMAZONAS;5118;2
AMAZONAS;5126;1
AMAZONAS;5169;12
AMAZONAS;5185;398
AMAZONAS;5193;5
AMAZONAS;5207;5
AMAZONAS;5215;2
AMAZONAS;5240;1
AMAZONAS;5274;5
AMAZONAS;5282;2
AMAZONAS;5304;1
AMAZONAS;5380;1
AMAZONAS;5398;1
AMAZONAS;5401;1
AMAZONAS;5410;3
AMAZONAS;5452;6
AMAZONAS;5460;1
AMAZONAS;5479;1
AMAZONAS;5487;3
AMAZONAS;5541;3
AMAZONAS;5622;1
AMAZONAS;5673;1
AMAZONAS;5703;1
AMAZONAS;5720;1
AMAZONAS;5738;5
AMAZONAS;5746;3
AMAZONAS;5819;7
AMAZONAS;5835;5
AMAZONAS;5851;1
AMAZONAS;6033;1
AMAZONAS;6041;3
AMAZONAS;6050;14
AMAZONAS;6068;1
AMAZONAS;6122;1
AMAZONAS;6130;2
AMAZONAS;6157;1
AMAZONAS;6432;1
AMAZONAS;6556;9
AMAZONAS;6564;5
AMAZONAS;6580;3
AMAZONAS;6599;40
AMAZONAS;6602;2
AMAZONAS;6610;1
AMAZONAS;6637;1
AMAZONAS;6645;1
AMAZONAS;6653;3
AMAZONAS;6700;1
AMAZONAS;6726;1
AMAZONAS;6769;2
AMAZONAS;6858;2
AMAZONAS;6912;8
AMAZONAS;7030;3
AMAZONAS;7048;2
AMAZONAS;7056;1
AMAZONAS;7323;1
AMAZONAS;7340;1
AMAZONAS;7366;17
AMAZONAS;7455;53
AMAZONAS;7463;9
AMAZONAS;7471;2
AMAZONAS;7560;1
AMAZONAS;7579;3
AMAZONAS;7587;1
AMAZONAS;7625;3
AMAZONAS;7633;59
BAHIA;5002;1
BAHIA;5010;1211
BAHIA;5029;3
BAHIA;5037;58
BAHIA;5045;278
BAHIA;5053;217
BAHIA;5061;62
BAHIA;5070;1
BAHIA;5088;4
BAHIA;5096;7
BAHIA;5100;1
BAHIA;5118;32
BAHIA;5126;1
BAHIA;5134;2
BAHIA;5142;2
BAHIA;5150;1
BAHIA;5169;59
BAHIA;5185;1062
BAHIA;5193;167
BAHIA;5207;140
BAHIA;5215;5
BAHIA;5223;1
BAHIA;5231;5
BAHIA;5274;11
BAHIA;5282;3
BAHIA;5312;1
BAHIA;5320;2
BAHIA;5347;1
BAHIA;5355;2
BAHIA;5371;1
BAHIA;5380;36
BAHIA;5398;1
BAHIA;5410;19
BAHIA;5428;105
BAHIA;5436;3
BAHIA;5444;91
BAHIA;5452;210
BAHIA;5460;17
BAHIA;5479;61
BAHIA;5487;28
BAHIA;5509;84
BAHIA;5525;20
BAHIA;5541;271
BAHIA;5550;109
BAHIA;5568;100
BAHIA;5576;1
BAHIA;5584;2
BAHIA;5592;1
BAHIA;5614;13
BAHIA;5622;9
BAHIA;5665;5
BAHIA;5673;5
BAHIA;5681;60
BAHIA;5690;1
BAHIA;5703;1
BAHIA;5720;53
BAHIA;5738;160
BAHIA;5746;98
BAHIA;5770;2
BAHIA;5789;1
BAHIA;5797;49
BAHIA;5800;2
BAHIA;5819;116
BAHIA;5827;3
BAHIA;5835;180
BAHIA;5843;4
BAHIA;5878;10
BAHIA;5908;32
BAHIA;5924;20
BAHIA;5940;22
BAHIA;5959;5
BAHIA;5967;465
BAHIA;5975;19
BAHIA;5991;39
BAHIA;6009;1
BAHIA;6017;12
BAHIA;6025;4
BAHIA;6033;84
BAHIA;6041;131
BAHIA;6050;200
BAHIA;6068;2172
BAHIA;6076;20
BAHIA;6084;5
BAHIA;6122;26
BAHIA;6165;1
BAHIA;6203;1
BAHIA;6270;91
BAHIA;6327;1
BAHIA;6408;17
BAHIA;6432;6
BAHIA;6459;1
BAHIA;6483;10
BAHIA;6491;2
BAHIA;6530;8
BAHIA;6556;64
BAHIA;6564;97
BAHIA;6572;1
BAHIA;6580;57
BAHIA;6599;2116
BAHIA;6602;114
BAHIA;6610;73
BAHIA;6629;7
BAHIA;6637;292
BAHIA;6645;358
BAHIA;6653;8
BAHIA;6661;7
BAHIA;6670;50
BAHIA;6688;32
BAHIA;6696;1
BAHIA;6700;292
BAHIA;6726;381
BAHIA;6750;79
BAHIA;6769;826
BAHIA;6785;7
BAHIA;6815;2
BAHIA;6823;62
BAHIA;6831;45
BAHIA;6840;14
BAHIA;6858;188
BAHIA;6866;198
BAHIA;6912;573
BAHIA;6947;10
BAHIA;6955;6
BAHIA;6971;1
BAHIA;6980;60
BAHIA;7030;176
BAHIA;7048;140
BAHIA;7056;2
BAHIA;7064;26
BAHIA;7072;1
BAHIA;7099;2
BAHIA;7102;2
BAHIA;7218;219
BAHIA;7234;12
BAHIA;7242;3872
BAHIA;7269;2
BAHIA;7277;13
BAHIA;7285;9
BAHIA;7293;1
BAHIA;7315;7
BAHIA;7323;6
BAHIA;7340;606
BAHIA;7358;6
BAHIA;7366;247
BAHIA;7374;6
BAHIA;7455;16516
BAHIA;7463;2618
BAHIA;7471;179
BAHIA;7560;1
BAHIA;7579;49
BAHIA;7587;22
BAHIA;7625;14
BAHIA;7633;388
CEARA;5010;11
CEARA;5045;3
CEARA;5053;2
CEARA;5118;1
CEARA;5169;1
CEARA;5185;30
CEARA;5193;2
CEARA;5231;1
CEARA;5258;4
CEARA;5274;1
CEARA;5380;7
CEARA;5410;6
CEARA;5428;3
CEARA;5444;15
CEARA;5452;18
CEARA;5460;3
CEARA;5479;10
CEARA;5487;13
CEARA;5509;4
CEARA;5525;2
CEARA;5541;41
CEARA;5550;43
CEARA;5568;4
CEARA;5614;1
CEARA;5622;4
CEARA;5657;2
CEARA;5673;12
CEARA;5681;3
CEARA;5720;5
CEARA;5738;10
CEARA;5746;12
CEARA;5819;13
CEARA;5835;8
CEARA;5843;1
CEARA;5851;1
CEARA;5878;1
CEARA;5932;1
CEARA;5967;6
CEARA;5991;1
CEARA;6017;1
CEARA;6033;2
CEARA;6041;3
CEARA;6050;61
CEARA;6068;18
CEARA;6122;1
CEARA;6564;3
CEARA;6599;14
CEARA;6610;1
CEARA;6637;8
CEARA;6645;3
CEARA;6653;1
CEARA;6670;1
CEARA;6688;1
CEARA;6700;8
CEARA;6726;3
CEARA;6750;1
CEARA;6769;8
CEARA;6823;1
CEARA;6831;1
CEARA;6858;2
CEARA;6912;2
CEARA;6947;1
CEARA;6980;1
CEARA;7030;58
CEARA;7048;71
CEARA;7064;1
CEARA;7072;1
CEARA;7099;1
CEARA;7218;2
CEARA;7234;4
CEARA;7242;22
CEARA;7340;2
CEARA;7366;3
CEARA;7455;147
CEARA;7463;16
CEARA;7471;1
CEARA;7579;3
CEARA;7587;1
CEARA;7625;15
CEARA;7633;24
DISTRITO FEDERAL;5010;954
DISTRITO FEDERAL;5029;79
DISTRITO FEDERAL;5037;65
DISTRITO FEDERAL;5045;718
DISTRITO FEDERAL;5053;4
DISTRITO FEDERAL;5061;32
DISTRITO FEDERAL;5088;1
DISTRITO FEDERAL;5096;4
DISTRITO FEDERAL;5100;1
DISTRITO FEDERAL;5118;39
DISTRITO FEDERAL;5142;5
DISTRITO FEDERAL;5169;40
DISTRITO FEDERAL;5177;2
DISTRITO FEDERAL;5185;7729
DISTRITO FEDERAL;5193;304
DISTRITO FEDERAL;5207;416
DISTRITO FEDERAL;5231;20
DISTRITO FEDERAL;5274;3
DISTRITO FEDERAL;5347;2
DISTRITO FEDERAL;5371;4
DISTRITO FEDERAL;5380;358
DISTRITO FEDERAL;5398;10
DISTRITO FEDERAL;5401;43
DISTRITO FEDERAL;5410;2683
DISTRITO FEDERAL;5428;44
DISTRITO FEDERAL;5436;7
DISTRITO FEDERAL;5444;36
DISTRITO FEDERAL;5452;4412
DISTRITO FEDERAL;5460;74
DISTRITO FEDERAL;5479;2073
DISTRITO FEDERAL;5487;171
DISTRITO FEDERAL;5495;69
DISTRITO FEDERAL;5509;182
DISTRITO FEDERAL;5517;4
DISTRITO FEDERAL;5525;365
DISTRITO FEDERAL;5541;782
DISTRITO FEDERAL;5550;5113
DISTRITO FEDERAL;5568;2305
DISTRITO FEDERAL;5576;4
DISTRITO FEDERAL;5592;6
DISTRITO FEDERAL;5606;17
DISTRITO FEDERAL;5614;6
DISTRITO FEDERAL;5622;45
DISTRITO FEDERAL;5630;19
DISTRITO FEDERAL;5649;1
DISTRITO FEDERAL;5657;1
DISTRITO FEDERAL;5665;44
DISTRITO FEDERAL;5673;11
DISTRITO FEDERAL;5681;1905
DISTRITO FEDERAL;5690;121
DISTRITO FEDERAL;5703;7
DISTRITO FEDERAL;5711;11
DISTRITO FEDERAL;5720;316
DISTRITO FEDERAL;5738;563
DISTRITO FEDERAL;5746;139
DISTRITO FEDERAL;5762;1
DISTRITO FEDERAL;5770;48
DISTRITO FEDERAL;5797;4
DISTRITO FEDERAL;5800;42
DISTRITO FEDERAL;5819;1036
DISTRITO FEDERAL;5827;21
DISTRITO FEDERAL;5835;155
DISTRITO FEDERAL;5843;929
DISTRITO FEDERAL;5851;189
DISTRITO FEDERAL;5860;42
DISTRITO FEDERAL;5878;36
DISTRITO FEDERAL;5886;1
DISTRITO FEDERAL;5908;24
DISTRITO FEDERAL;5924;2
DISTRITO FEDERAL;5932;2
DISTRITO FEDERAL;5959;48
DISTRITO FEDERAL;5967;92
DISTRITO FEDERAL;5975;3
DISTRITO FEDERAL;5991;106
DISTRITO FEDERAL;6017;24
DISTRITO FEDERAL;6025;16
DISTRITO FEDERAL;6033;21
DISTRITO FEDERAL;6041;256
DISTRITO FEDERAL;6050;715
DISTRITO FEDERAL;6068;50
DISTRITO FEDERAL;6076;4
DISTRITO FEDERAL;6084;28
DISTRITO FEDERAL;6122;1561
DISTRITO FEDERAL;6130;59
DISTRITO FEDERAL;6149;2
DISTRITO FEDERAL;6157;1
DISTRITO FEDERAL;6165;1
DISTRITO FEDERAL;6173;14
DISTRITO FEDERAL;6181;19
DISTRITO FEDERAL;6190;1
DISTRITO FEDERAL;6262;2
DISTRITO FEDERAL;6270;11
DISTRITO FEDERAL;6319;4
DISTRITO FEDERAL;6386;3
DISTRITO FEDERAL;6394;14
DISTRITO FEDERAL;6408;15
DISTRITO FEDERAL;6432;12
DISTRITO FEDERAL;6440;10
DISTRITO FEDERAL;6459;3
DISTRITO FEDERAL;6483;15
DISTRITO FEDERAL;6491;8
DISTRITO FEDERAL;6505;1
DISTRITO FEDERAL;6521;1
DISTRITO FEDERAL;6530;332
DISTRITO FEDERAL;6548;7
DISTRITO FEDERAL;6556;51
DISTRITO FEDERAL;6564;6
DISTRITO FEDERAL;6580;42
DISTRITO FEDERAL;6599;2551
DISTRITO FEDERAL;6602;111
DISTRITO FEDERAL;6610;295
DISTRITO FEDERAL;6629;2
DISTRITO FEDERAL;6637;297
DISTRITO FEDERAL;6645;18
DISTRITO FEDERAL;6653;195
DISTRITO FEDERAL;6661;3
DISTRITO FEDERAL;6670;70
DISTRITO FEDERAL;6688;7
DISTRITO FEDERAL;6696;1
DISTRITO FEDERAL;6700;185
DISTRITO FEDERAL;6726;128
DISTRITO FEDERAL;6742;12
DISTRITO FEDERAL;6750;1
DISTRITO FEDERAL;6769;1303
DISTRITO FEDERAL;6785;2
DISTRITO FEDERAL;6815;2
DISTRITO FEDERAL;6823;4
DISTRITO FEDERAL;6858;188
DISTRITO FEDERAL;6866;806
DISTRITO FEDERAL;6912;354
DISTRITO FEDERAL;6920;521
DISTRITO FEDERAL;6939;3
DISTRITO FEDERAL;6947;4
DISTRITO FEDERAL;6963;1
DISTRITO FEDERAL;6971;9
DISTRITO FEDERAL;6980;33
DISTRITO FEDERAL;7030;1
DISTRITO FEDERAL;7064;2
DISTRITO FEDERAL;7099;2
DISTRITO FEDERAL;7102;7
DISTRITO FEDERAL;7218;13
DISTRITO FEDERAL;7234;369
DISTRITO FEDERAL;7242;109
DISTRITO FEDERAL;7269;1
DISTRITO FEDERAL;7277;3
DISTRITO FEDERAL;7285;55
DISTRITO FEDERAL;7293;3
DISTRITO FEDERAL;7315;26
DISTRITO FEDERAL;7323;12
DISTRITO FEDERAL;7331;2
DISTRITO FEDERAL;7340;122
DISTRITO FEDERAL;7358;49
DISTRITO FEDERAL;7366;872
DISTRITO FEDERAL;7374;11
DISTRITO FEDERAL;7455;8070
DISTRITO FEDERAL;7463;526
DISTRITO FEDERAL;7471;65
DISTRITO FEDERAL;7579;3099
DISTRITO FEDERAL;7587;141
DISTRITO FEDERAL;7625;719
DISTRITO FEDERAL;7633;4618
ESPIRITO SANTO;5010;15
ESPIRITO SANTO;5029;2
ESPIRITO SANTO;5037;2
ESPIRITO SANTO;5045;5
ESPIRITO SANTO;5061;3
ESPIRITO SANTO;5118;2
ESPIRITO SANTO;5142;1
ESPIRITO SANTO;5169;5
ESPIRITO SANTO;5177;1
ESPIRITO SANTO;5185;32
ESPIRITO SANTO;5193;3
ESPIRITO SANTO;5207;1
ESPIRITO SANTO;5231;1
ESPIRITO SANTO;5274;1
ESPIRITO SANTO;5320;1
ESPIRITO SANTO;5380;3
ESPIRITO SANTO;5410;1
ESPIRITO SANTO;5428;1
ESPIRITO SANTO;5444;1
ESPIRITO SANTO;5452;18
ESPIRITO SANTO;5460;3
ESPIRITO SANTO;5479;7
ESPIRITO SANTO;5487;6
ESPIRITO SANTO;5509;2
ESPIRITO SANTO;5525;6
ESPIRITO SANTO;5541;32
ESPIRITO SANTO;5550;31
ESPIRITO SANTO;5568;6
ESPIRITO SANTO;5576;1
ESPIRITO SANTO;5622;3
ESPIRITO SANTO;5665;2
ESPIRITO SANTO;5673;2
ESPIRITO SANTO;5720;2
ESPIRITO SANTO;5738;5
ESPIRITO SANTO;5746;104
ESPIRITO SANTO;5819;3
ESPIRITO SANTO;5835;2
ESPIRITO SANTO;5851;1
ESPIRITO SANTO;5878;1
ESPIRITO SANTO;5924;1
ESPIRITO SANTO;5932;1
ESPIRITO SANTO;5940;1
ESPIRITO SANTO;5967;8
ESPIRITO SANTO;5975;1
ESPIRITO SANTO;6041;2
ESPIRITO SANTO;6050;28
ESPIRITO SANTO;6068;21
ESPIRITO SANTO;6076;1
ESPIRITO SANTO;6270;1
ESPIRITO SANTO;6408;1
ESPIRITO SANTO;6483;1
ESPIRITO SANTO;6530;2
ESPIRITO SANTO;6564;3
ESPIRITO SANTO;6580;1
ESPIRITO SANTO;6599;17
ESPIRITO SANTO;6602;1
ESPIRITO SANTO;6610;1
ESPIRITO SANTO;6629;1
ESPIRITO SANTO;6637;11
ESPIRITO SANTO;6645;23
ESPIRITO SANTO;6653;1
ESPIRITO SANTO;6688;1
ESPIRITO SANTO;6700;15
ESPIRITO SANTO;6726;3
ESPIRITO SANTO;6750;5
ESPIRITO SANTO;6769;12
ESPIRITO SANTO;6823;4
ESPIRITO SANTO;6831;58
ESPIRITO SANTO;6858;3
ESPIRITO SANTO;6866;1
ESPIRITO SANTO;6912;10
ESPIRITO SANTO;6963;1
ESPIRITO SANTO;6980;5
ESPIRITO SANTO;7030;2
ESPIRITO SANTO;7048;4
ESPIRITO SANTO;7056;1
ESPIRITO SANTO;7242;60
ESPIRITO SANTO;7277;3
ESPIRITO SANTO;7340;1
ESPIRITO SANTO;7366;5
ESPIRITO SANTO;7374;1
ESPIRITO SANTO;7455;282
ESPIRITO SANTO;7463;54
ESPIRITO SANTO;7471;2
ESPIRITO SANTO;7579;20
ESPIRITO SANTO;7587;3
ESPIRITO SANTO;7625;4
ESPIRITO SANTO;7633;26
GOIAS;5010;120
GOIAS;5029;1
GOIAS;5037;10
GOIAS;5045;35
GOIAS;5053;2
GOIAS;5061;7
GOIAS;5118;1
GOIAS;5169;1
GOIAS;5185;631
GOIAS;5193;18
GOIAS;5207;54
GOIAS;5380;30
GOIAS;5398;3
GOIAS;5401;1
GOIAS;5410;160
GOIAS;5428;1
GOIAS;5436;1
GOIAS;5444;2
GOIAS;5452;263
GOIAS;5460;5
GOIAS;5479;102
GOIAS;5487;14
GOIAS;5495;3
GOIAS;5509;14
GOIAS;5525;20
GOIAS;5541;67
GOIAS;5550;306
GOIAS;5568;132
GOIAS;5592;1
GOIAS;5606;2
GOIAS;5614;3
GOIAS;5622;6
GOIAS;5630;2
GOIAS;5665;2
GOIAS;5673;4
GOIAS;5681;133
GOIAS;5690;1
GOIAS;5711;3
GOIAS;5720;21
GOIAS;5738;36
GOIAS;5746;67
GOIAS;5770;4
GOIAS;5797;1
GOIAS;5800;3
GOIAS;5819;50
GOIAS;5827;1
GOIAS;5835;14
GOIAS;5843;43
GOIAS;5851;11
GOIAS;5860;4
GOIAS;5878;1
GOIAS;5908;1
GOIAS;5932;1
GOIAS;5967;14
GOIAS;5991;13
GOIAS;6033;4
GOIAS;6041;15
GOIAS;6050;70
GOIAS;6068;11
GOIAS;6076;1
GOIAS;6122;81
GOIAS;6130;2
GOIAS;6181;3
GOIAS;6270;9
GOIAS;6408;3
GOIAS;6432;3
GOIAS;6459;1
GOIAS;6530;29
GOIAS;6548;1
GOIAS;6556;7
GOIAS;6564;2
GOIAS;6580;3
GOIAS;6599;152
GOIAS;6602;11
GOIAS;6610;15
GOIAS;6637;25
GOIAS;6645;14
GOIAS;6653;23
GOIAS;6688;2
GOIAS;6700;13
GOIAS;6726;21
GOIAS;6750;5
GOIAS;6769;51
GOIAS;6815;2
GOIAS;6823;1
GOIAS;6831;1
GOIAS;6858;8
GOIAS;6866;53
GOIAS;6912;57
GOIAS;6980;6
GOIAS;7030;2
GOIAS;7048;2
GOIAS;7064;3
GOIAS;7102;1
GOIAS;7218;2
GOIAS;7234;13
GOIAS;7242;99
GOIAS;7285;2
GOIAS;7315;1
GOIAS;7323;1
GOIAS;7340;15
GOIAS;7358;2
GOIAS;7366;42
GOIAS;7455;674
GOIAS;7463;71
GOIAS;7471;2
GOIAS;7579;110
GOIAS;7587;11
GOIAS;7625;47
GOIAS;7633;236
MARANHAO;5010;7
MARANHAO;5045;2
MARANHAO;5061;1
MARANHAO;5169;1
MARANHAO;5185;18
MARANHAO;5193;1
MARANHAO;5207;2
MARANHAO;5274;2
MARANHAO;5380;1
MARANHAO;5410;3
MARANHAO;5428;2
MARANHAO;5452;6
MARANHAO;5479;3
MARANHAO;5487;8
MARANHAO;5495;1
MARANHAO;5525;1
MARANHAO;5541;9
MARANHAO;5550;13
MARANHAO;5568;6
MARANHAO;5584;1
MARANHAO;5614;1
MARANHAO;5673;2
MARANHAO;5681;3
MARANHAO;5720;1
MARANHAO;5738;9
MARANHAO;5746;5
MARANHAO;5819;2
MARANHAO;5835;2
MARANHAO;5843;1
MARANHAO;5967;1
MARANHAO;6041;2
MARANHAO;6050;12
MARANHAO;6068;3
MARANHAO;6173;1
MARANHAO;6270;2
MARANHAO;6556;1
MARANHAO;6599;4
MARANHAO;6637;2
MARANHAO;6645;5
MARANHAO;6653;2
MARANHAO;6700;2
MARANHAO;6726;1
MARANHAO;6769;3
MARANHAO;6866;1
MARANHAO;6912;2
MARANHAO;7005;1
MARANHAO;7030;3
MARANHAO;7048;2
MARANHAO;7218;1
MARANHAO;7242;7
MARANHAO;7340;2
MARANHAO;7366;4
MARANHAO;7455;58
MARANHAO;7463;9
MARANHAO;7471;1
MARANHAO;7579;15
MARANHAO;7587;3
MARANHAO;7625;3
MARANHAO;7633;11
MATO GROSSO;5010;4
MATO GROSSO;5045;2
MATO GROSSO;5185;56
MATO GROSSO;5193;7
MATO GROSSO;5207;2
MATO GROSSO;5215;1
MATO GROSSO;5274;1
MATO GROSSO;5380;5
MATO GROSSO;5401;1
MATO GROSSO;5410;8
MATO GROSSO;5452;28
MATO GROSSO;5460;1
MATO GROSSO;5479;4
MATO GROSSO;5487;2
MATO GROSSO;5525;4
MATO GROSSO;5541;22
MATO GROSSO;5550;50
MATO GROSSO;5568;32
MATO GROSSO;5622;1
MATO GROSSO;5673;25
MATO GROSSO;5681;14
MATO GROSSO;5720;1
MATO GROSSO;5738;4
MATO GROSSO;5746;30
MATO GROSSO;5819;5
MATO GROSSO;5835;4
MATO GROSSO;5843;2
MATO GROSSO;5967;4
MATO GROSSO;5991;2
MATO GROSSO;6017;4
MATO GROSSO;6025;2
MATO GROSSO;6041;7
MATO GROSSO;6050;212
MATO GROSSO;6068;4
MATO GROSSO;6122;2
MATO GROSSO;6270;1
MATO GROSSO;6530;1
MATO GROSSO;6564;2
MATO GROSSO;6580;1
MATO GROSSO;6599;5
MATO GROSSO;6602;1
MATO GROSSO;6637;2
MATO GROSSO;6645;6
MATO GROSSO;6653;1
MATO GROSSO;6670;2
MATO GROSSO;6700;3
MATO GROSSO;6726;2
MATO GROSSO;6750;3
MATO GROSSO;6769;6
MATO GROSSO;6831;2
MATO GROSSO;6912;5
MATO GROSSO;6980;1
MATO GROSSO;7030;2
MATO GROSSO;7048;1
MATO GROSSO;7218;3
MATO GROSSO;7234;1
MATO GROSSO;7242;22
MATO GROSSO;7340;16
MATO GROSSO;7366;12
MATO GROSSO;7455;797
MATO GROSSO;7463;105
MATO GROSSO;7471;5
MATO GROSSO;7579;5
MATO GROSSO;7587;4
MATO GROSSO;7617;2
MATO GROSSO;7625;4
MATO GROSSO;7633;63
MATO GROSSO DO SUL;5045;1
MATO GROSSO DO SUL;5053;1
MATO GROSSO DO SUL;5185;26
MATO GROSSO DO SUL;5193;1
MATO GROSSO DO SUL;5207;1
MATO GROSSO DO SUL;5380;1
MATO GROSSO DO SUL;5401;2
MATO GROSSO DO SUL;5410;9
MATO GROSSO DO SUL;5452;17
MATO GROSSO DO SUL;5460;1
MATO GROSSO DO SUL;5479;4
MATO GROSSO DO SUL;5487;4
MATO GROSSO DO SUL;5509;2
MATO GROSSO DO SUL;5525;5
MATO GROSSO DO SUL;5541;12
MATO GROSSO DO SUL;5550;18
MATO GROSSO DO SUL;5568;16
MATO GROSSO DO SUL;5584;1
MATO GROSSO DO SUL;5592;1
MATO GROSSO DO SUL;5622;1
MATO GROSSO DO SUL;5665;1
MATO GROSSO DO SUL;5673;1
MATO GROSSO DO SUL;5681;8
MATO GROSSO DO SUL;5738;3
MATO GROSSO DO SUL;5746;48
MATO GROSSO DO SUL;5819;1
MATO GROSSO DO SUL;5835;1
MATO GROSSO DO SUL;5991;1
MATO GROSSO DO SUL;6041;3
MATO GROSSO DO SUL;6050;40
MATO GROSSO DO SUL;6068;1
MATO GROSSO DO SUL;6530;2
MATO GROSSO DO SUL;6564;1
MATO GROSSO DO SUL;6599;3
MATO GROSSO DO SUL;6637;1
MATO GROSSO DO SUL;6670;1
MATO GROSSO DO SUL;6700;1
MATO GROSSO DO SUL;6726;2
MATO GROSSO DO SUL;6750;1
MATO GROSSO DO SUL;6769;1
MATO GROSSO DO SUL;6866;1
MATO GROSSO DO SUL;7153;1
MATO GROSSO DO SUL;7242;9
MATO GROSSO DO SUL;7315;1
MATO GROSSO DO SUL;7366;5
MATO GROSSO DO SUL;7455;99
MATO GROSSO DO SUL;7463;19
MATO GROSSO DO SUL;7579;3
MATO GROSSO DO SUL;7625;1
MATO GROSSO DO SUL;7633;16
MINAS GERAIS;5002;43
MINAS GERAIS;5010;117
MINAS GERAIS;5029;6
MINAS GERAIS;5037;19
MINAS GERAIS;5045;31
MINAS GERAIS;5053;9
MINAS GERAIS;5061;3
MINAS GERAIS;5118;6
MINAS GERAIS;5126;4
MINAS GERAIS;5134;1
MINAS GERAIS;5142;1
MINAS GERAIS;5169;47
MINAS GERAIS;5185;1942
MINAS GERAIS;5193;126
MINAS GERAIS;5207;200
MINAS GERAIS;5215;37
MINAS GERAIS;5223;1
MINAS GERAIS;5231;15
MINAS GERAIS;5258;10
MINAS GERAIS;5266;3
MINAS GERAIS;5274;25
MINAS GERAIS;5282;3
MINAS GERAIS;5304;1
MINAS GERAIS;5320;1
MINAS GERAIS;5347;3
MINAS GERAIS;5363;1
MINAS GERAIS;5371;8
MINAS GERAIS;5380;124
MINAS GERAIS;5398;9
MINAS GERAIS;5401;10
MINAS GERAIS;5410;108
MINAS GERAIS;5428;10
MINAS GERAIS;5436;1
MINAS GERAIS;5444;15
MINAS GERAIS;5452;1308
MINAS GERAIS;5460;134
MINAS GERAIS;5479;148
MINAS GERAIS;5487;208
MINAS GERAIS;5495;9
MINAS GERAIS;5509;375
MINAS GERAIS;5517;5
MINAS GERAIS;5525;276
MINAS GERAIS;5541;3380
MINAS GERAIS;5550;2082
MINAS GERAIS;5568;1008
MINAS GERAIS;5576;2
MINAS GERAIS;5584;4
MINAS GERAIS;5592;36
MINAS GERAIS;5606;5
MINAS GERAIS;5614;8
MINAS GERAIS;5622;78
MINAS GERAIS;5630;5
MINAS GERAIS;5657;5
MINAS GERAIS;5665;105
MINAS GERAIS;5673;157
MINAS GERAIS;5681;43
MINAS GERAIS;5690;5
MINAS GERAIS;5703;38
MINAS GERAIS;5720;99
MINAS GERAIS;5738;408
MINAS GERAIS;5746;465
MINAS GERAIS;5770;3
MINAS GERAIS;5797;13
MINAS GERAIS;5800;24
MINAS GERAIS;5819;178
MINAS GERAIS;5827;8
MINAS GERAIS;5835;120
MINAS GERAIS;5843;72
MINAS GERAIS;5851;8
MINAS GERAIS;5860;1
MINAS GERAIS;5878;57
MINAS GERAIS;5894;1
MINAS GERAIS;5908;2
MINAS GERAIS;5924;1
MINAS GERAIS;5932;3
MINAS GERAIS;5940;6
MINAS GERAIS;5959;9
MINAS GERAIS;5967;86
MINAS GERAIS;5991;93
MINAS GERAIS;6009;3
MINAS GERAIS;6017;38
MINAS GERAIS;6025;5
MINAS GERAIS;6033;2
MINAS GERAIS;6041;404
MINAS GERAIS;6050;3835
MINAS GERAIS;6068;217
MINAS GERAIS;6076;26
MINAS GERAIS;6084;8
MINAS GERAIS;6122;135
MINAS GERAIS;6130;12
MINAS GERAIS;6149;1
MINAS GERAIS;6157;6
MINAS GERAIS;6173;7
MINAS GERAIS;6181;10
MINAS GERAIS;6190;2
MINAS GERAIS;6203;1
MINAS GERAIS;6262;1
MINAS GERAIS;6270;38
MINAS GERAIS;6297;2
MINAS GERAIS;6319;2
MINAS GERAIS;6327;1
MINAS GERAIS;6343;1
MINAS GERAIS;6360;2
MINAS GERAIS;6378;2
MINAS GERAIS;6394;6
MINAS GERAIS;6408;5
MINAS GERAIS;6440;7
MINAS GERAIS;6459;1
MINAS GERAIS;6483;8
MINAS GERAIS;6491;7
MINAS GERAIS;6530;619
MINAS GERAIS;6556;10
MINAS GERAIS;6564;12
MINAS GERAIS;6580;11
MINAS GERAIS;6599;80
MINAS GERAIS;6602;24
MINAS GERAIS;6610;15
MINAS GERAIS;6637;42
MINAS GERAIS;6645;47
MINAS GERAIS;6653;7
MINAS GERAIS;6670;15
MINAS GERAIS;6688;3
MINAS GERAIS;6700;29
MINAS GERAIS;6726;34
MINAS GERAIS;6742;2
MINAS GERAIS;6750;13
MINAS GERAIS;6769;61
MINAS GERAIS;6785;6
MINAS GERAIS;6807;1
MINAS GERAIS;6815;1
MINAS GERAIS;6823;8
MINAS GERAIS;6831;9
MINAS GERAIS;6840;1
MINAS GERAIS;6858;27
MINAS GERAIS;6866;30
MINAS GERAIS;6912;44
MINAS GERAIS;6920;68
MINAS GERAIS;6947;4
MINAS GERAIS;6955;1
MINAS GERAIS;6963;1
MINAS GERAIS;6980;4
MINAS GERAIS;7005;1
MINAS GERAIS;7030;50
MINAS GERAIS;7048;27
MINAS GERAIS;7056;75
MINAS GERAIS;7064;31
MINAS GERAIS;7072;4
MINAS GERAIS;7099;11
MINAS GERAIS;7102;16
MINAS GERAIS;7218;22
MINAS GERAIS;7234;86
MINAS GERAIS;7242;180
MINAS GERAIS;7250;1
MINAS GERAIS;7285;2
MINAS GERAIS;7293;8
MINAS GERAIS;7315;9
MINAS GERAIS;7340;50
MINAS GERAIS;7358;2
MINAS GERAIS;7366;493
MINAS GERAIS;7374;6
MINAS GERAIS;7455;29248
MINAS GERAIS;7463;3061
MINAS GERAIS;7471;203
MINAS GERAIS;7552;2
MINAS GERAIS;7579;74
MINAS GERAIS;7587;440
MINAS GERAIS;7617;1
MINAS GERAIS;7625;551
MINAS GERAIS;7633;2267
PARA;5010;7
PARA;5037;1
PARA;5045;2
PARA;5053;2
PARA;5061;1
PARA;5118;1
PARA;5185;30
PARA;5207;1
PARA;5215;1
PARA;5274;1
PARA;5380;4
PARA;5410;3
PARA;5428;2
PARA;5452;23
PARA;5479;6
PARA;5487;7
PARA;5525;1
PARA;5541;11
PARA;5550;19
PARA;5568;9
PARA;5576;2
PARA;5592;1
PARA;5622;2
PARA;5673;4
PARA;5681;16
PARA;5720;1
PARA;5738;3
PARA;5746;19
PARA;5797;2
PARA;5819;8
PARA;5835;8
PARA;5967;2
PARA;6041;6
PARA;6050;98
PARA;6068;4
PARA;6076;1
PARA;6122;3
PARA;6130;1
PARA;6270;1
PARA;6440;1
PARA;6556;2
PARA;6580;1
PARA;6599;6
PARA;6637;3
PARA;6645;4
PARA;6700;13
PARA;6726;2
PARA;6769;4
PARA;6823;1
PARA;6858;1
PARA;6866;13
PARA;6912;2
PARA;7030;8
PARA;7048;7
PARA;7056;1
PARA;7218;2
PARA;7234;1
PARA;7242;15
PARA;7340;1
PARA;7366;6
PARA;7455;173
PARA;7463;37
PARA;7471;2
PARA;7579;4
PARA;7625;1
PARA;7633;17
PARAIBA;5010;6
PARAIBA;5045;2
PARAIBA;5118;1
PARAIBA;5185;422
PARAIBA;5193;19
PARAIBA;5207;7
PARAIBA;5215;12
PARAIBA;5380;26
PARAIBA;5398;3
PARAIBA;5401;26
PARAIBA;5410;4
PARAIBA;5428;1
PARAIBA;5452;385
PARAIBA;5460;25
PARAIBA;5479;51
PARAIBA;5487;316
PARAIBA;5495;1
PARAIBA;5509;27
PARAIBA;5525;10
PARAIBA;5541;450
PARAIBA;5550;808
PARAIBA;5568;219
PARAIBA;5576;2
PARAIBA;5592;1
PARAIBA;5622;7
PARAIBA;5665;2
PARAIBA;5673;873
PARAIBA;5681;19
PARAIBA;5738;102
PARAIBA;5746;8
PARAIBA;5762;1
PARAIBA;5819;48
PARAIBA;5827;1
PARAIBA;5835;173
PARAIBA;5843;3
PARAIBA;5908;1
PARAIBA;5967;5
PARAIBA;5991;15
PARAIBA;6017;43
PARAIBA;6025;2
PARAIBA;6041;53
PARAIBA;6050;1785
PARAIBA;6068;15
PARAIBA;6076;2
PARAIBA;6122;32
PARAIBA;6181;4
PARAIBA;6483;1
PARAIBA;6491;5
PARAIBA;6530;8
PARAIBA;6548;1
PARAIBA;6564;5
PARAIBA;6599;4
PARAIBA;6637;3
PARAIBA;6645;5
PARAIBA;6661;1
PARAIBA;6688;1
PARAIBA;6700;2
PARAIBA;6726;2
PARAIBA;6750;1
PARAIBA;6769;4
PARAIBA;6785;2
PARAIBA;6823;1
PARAIBA;6831;4
PARAIBA;6858;3
PARAIBA;6912;2
PARAIBA;6947;1
PARAIBA;6980;2
PARAIBA;7030;261
PARAIBA;7048;107
PARAIBA;7056;7
PARAIBA;7064;31
PARAIBA;7072;9
PARAIBA;7099;2
PARAIBA;7102;1
PARAIBA;7218;3
PARAIBA;7234;7
PARAIBA;7242;11
PARAIBA;7285;1
PARAIBA;7340;3
PARAIBA;7366;132
PARAIBA;7374;2
PARAIBA;7455;3005
PARAIBA;7463;521
PARAIBA;7471;39
PARAIBA;7587;39
PARAIBA;7617;15
PARAIBA;7625;112
PARAIBA;7633;385
PARANA;5002;1
PARANA;5010;3
PARANA;5037;1
PARANA;5053;3
PARANA;5169;1
PARANA;5185;115
PARANA;5193;4
PARANA;5207;3
PARANA;5215;1
PARANA;5231;1
PARANA;5380;10
PARANA;5401;1
PARANA;5410;12
PARANA;5428;1
PARANA;5452;47
PARANA;5460;3
PARANA;5479;10
PARANA;5487;6
PARANA;5509;5
PARANA;5525;9
PARANA;5541;58
PARANA;5550;49
PARANA;5568;60
PARANA;5592;2
PARANA;5622;3
PARANA;5665;8
PARANA;5673;23
PARANA;5681;21
PARANA;5703;1
PARANA;5720;3
PARANA;5738;10
PARANA;5746;415
PARANA;5819;5
PARANA;5827;1
PARANA;5835;3
PARANA;5843;1
PARANA;5959;1
PARANA;5975;1
PARANA;5991;3
PARANA;6009;1
PARANA;6017;1
PARANA;6033;1
PARANA;6041;19
PARANA;6050;123
PARANA;6068;20
PARANA;6122;3
PARANA;6130;1
PARANA;6270;2
PARANA;6408;1
PARANA;6530;14
PARANA;6556;1
PARANA;6580;1
PARANA;6599;7
PARANA;6610;2
PARANA;6637;3
PARANA;6645;14
PARANA;6700;2
PARANA;6726;3
PARANA;6750;5
PARANA;6769;8
PARANA;6823;1
PARANA;6831;3
PARANA;6858;1
PARANA;6866;1
PARANA;6912;5
PARANA;6980;1
PARANA;7030;2
PARANA;7056;4
PARANA;7218;1
PARANA;7234;8
PARANA;7242;25
PARANA;7315;1
PARANA;7340;2
PARANA;7366;18
PARANA;7455;831
PARANA;7463;113
PARANA;7471;13
PARANA;7579;3
PARANA;7625;11
PARANA;7633;72
PERNAMBUCO;5010;81
PERNAMBUCO;5037;1
PERNAMBUCO;5045;10
PERNAMBUCO;5053;3
PERNAMBUCO;5061;1
PERNAMBUCO;5169;1
PERNAMBUCO;5185;110
PERNAMBUCO;5193;10
PERNAMBUCO;5207;2
PERNAMBUCO;5215;1
PERNAMBUCO;5231;1
PERNAMBUCO;5380;2
PERNAMBUCO;5398;1
PERNAMBUCO;5401;2
PERNAMBUCO;5410;6
PERNAMBUCO;5428;53
PERNAMBUCO;5444;2
PERNAMBUCO;5452;38
PERNAMBUCO;5460;3
PERNAMBUCO;5479;14
PERNAMBUCO;5487;26
PERNAMBUCO;5509;1
PERNAMBUCO;5525;2
PERNAMBUCO;5541;39
PERNAMBUCO;5550;44
PERNAMBUCO;5568;65
PERNAMBUCO;5622;1
PERNAMBUCO;5665;1
PERNAMBUCO;5673;54
PERNAMBUCO;5681;3
PERNAMBUCO;5720;6
PERNAMBUCO;5738;22
PERNAMBUCO;5746;29
PERNAMBUCO;5797;1
PERNAMBUCO;5819;8
PERNAMBUCO;5835;19
PERNAMBUCO;5843;1
PERNAMBUCO;5878;1
PERNAMBUCO;5940;1
PERNAMBUCO;5967;14
PERNAMBUCO;5991;4
PERNAMBUCO;6017;1
PERNAMBUCO;6025;1
PERNAMBUCO;6033;37
PERNAMBUCO;6041;6
PERNAMBUCO;6050;149
PERNAMBUCO;6068;126
PERNAMBUCO;6122;4
PERNAMBUCO;6270;2
PERNAMBUCO;6530;1
PERNAMBUCO;6564;5
PERNAMBUCO;6580;1
PERNAMBUCO;6599;53
PERNAMBUCO;6602;2
PERNAMBUCO;6610;1
PERNAMBUCO;6637;16
PERNAMBUCO;6645;27
PERNAMBUCO;6688;2
PERNAMBUCO;6700;9
PERNAMBUCO;6726;13
PERNAMBUCO;6750;3
PERNAMBUCO;6769;28
PERNAMBUCO;6823;6
PERNAMBUCO;6831;20
PERNAMBUCO;6858;10
PERNAMBUCO;6866;3
PERNAMBUCO;6912;22
PERNAMBUCO;6939;1
PERNAMBUCO;6947;1
PERNAMBUCO;6980;15
PERNAMBUCO;7030;10
PERNAMBUCO;7048;6
PERNAMBUCO;7064;2
PERNAMBUCO;7102;1
PERNAMBUCO;7218;2
PERNAMBUCO;7234;2
PERNAMBUCO;7242;73
PERNAMBUCO;7277;1
PERNAMBUCO;7340;12
PERNAMBUCO;7366;12
PERNAMBUCO;7455;534
PERNAMBUCO;7463;110
PERNAMBUCO;7471;8
PERNAMBUCO;7579;12
PERNAMBUCO;7587;6
PERNAMBUCO;7625;9
PERNAMBUCO;7633;53
PIAUI;5010;9
PIAUI;5045;1
PIAUI;5053;1
PIAUI;5169;1
PIAUI;5185;31
PIAUI;5207;5
PIAUI;5274;1
PIAUI;5380;3
PIAUI;5410;3
PIAUI;5428;3
PIAUI;5452;15
PIAUI;5479;3
PIAUI;5487;18
PIAUI;5525;1
PIAUI;5541;19
PIAUI;5550;23
PIAUI;5568;14
PIAUI;5592;5
PIAUI;5622;1
PIAUI;5665;2
PIAUI;5673;3
PIAUI;5720;1
PIAUI;5738;8
PIAUI;5746;2
PIAUI;5797;1
PIAUI;5835;2
PIAUI;5843;1
PIAUI;5967;2
PIAUI;5991;1
PIAUI;6033;4
PIAUI;6041;2
PIAUI;6050;23
PIAUI;6068;3
PIAUI;6122;1
PIAUI;6130;1
PIAUI;6270;4
PIAUI;6530;3
PIAUI;6564;1
PIAUI;6580;1
PIAUI;6599;10
PIAUI;6602;1
PIAUI;6610;1
PIAUI;6637;3
PIAUI;6645;3
PIAUI;6653;1
PIAUI;6700;2
PIAUI;6726;1
PIAUI;6750;2
PIAUI;6769;4
PIAUI;6858;1
PIAUI;6912;3
PIAUI;7030;13
PIAUI;7048;12
PIAUI;7072;1
PIAUI;7242;29
PIAUI;7340;3
PIAUI;7366;3
PIAUI;7455;180
PIAUI;7463;19
PIAUI;7471;2
PIAUI;7579;1
PIAUI;7587;32
PIAUI;7625;4
PIAUI;7633;15
RIO DE JANEIRO;5010;3
RIO DE JANEIRO;5061;2
RIO DE JANEIRO;5185;138
RIO DE JANEIRO;5193;4
RIO DE JANEIRO;5207;3
RIO DE JANEIRO;5215;1
RIO DE JANEIRO;5380;4
RIO DE JANEIRO;5401;2
RIO DE JANEIRO;5410;5
RIO DE JANEIRO;5444;3
RIO DE JANEIRO;5452;37
RIO DE JANEIRO;5460;3
RIO DE JANEIRO;5479;15
RIO DE JANEIRO;5487;18
RIO DE JANEIRO;5509;9
RIO DE JANEIRO;5525;8
RIO DE JANEIRO;5541;62
RIO DE JANEIRO;5550;38
RIO DE JANEIRO;5568;29
RIO DE JANEIRO;5592;1
RIO DE JANEIRO;5606;1
RIO DE JANEIRO;5622;2
RIO DE JANEIRO;5665;2
RIO DE JANEIRO;5673;12
RIO DE JANEIRO;5681;13
RIO DE JANEIRO;5703;2
RIO DE JANEIRO;5720;1
RIO DE JANEIRO;5738;7
RIO DE JANEIRO;5746;99
RIO DE JANEIRO;5819;3
RIO DE JANEIRO;5835;6
RIO DE JANEIRO;5843;3
RIO DE JANEIRO;5878;1
RIO DE JANEIRO;5967;6
RIO DE JANEIRO;5991;2
RIO DE JANEIRO;6041;5
RIO DE JANEIRO;6050;59
RIO DE JANEIRO;6068;22
RIO DE JANEIRO;6122;4
RIO DE JANEIRO;6130;2
RIO DE JANEIRO;6173;1
RIO DE JANEIRO;6270;1
RIO DE JANEIRO;6483;1
RIO DE JANEIRO;6530;3
RIO DE JANEIRO;6580;3
RIO DE JANEIRO;6599;2
RIO DE JANEIRO;6637;2
RIO DE JANEIRO;6645;6
RIO DE JANEIRO;6653;1
RIO DE JANEIRO;6700;12
RIO DE JANEIRO;6726;3
RIO DE JANEIRO;6750;2
RIO DE JANEIRO;6769;6
RIO DE JANEIRO;6785;1
RIO DE JANEIRO;6823;2
RIO DE JANEIRO;6831;1
RIO DE JANEIRO;6858;3
RIO DE JANEIRO;6866;2
RIO DE JANEIRO;6912;1
RIO DE JANEIRO;6980;3
RIO DE JANEIRO;7030;2
RIO DE JANEIRO;7218;1
RIO DE JANEIRO;7234;2
RIO DE JANEIRO;7242;30
RIO DE JANEIRO;7293;1
RIO DE JANEIRO;7340;1
RIO DE JANEIRO;7358;1
RIO DE JANEIRO;7366;16
RIO DE JANEIRO;7455;551
RIO DE JANEIRO;7463;77
RIO DE JANEIRO;7471;5
RIO DE JANEIRO;7579;8
RIO DE JANEIRO;7587;2
RIO DE JANEIRO;7625;10
RIO DE JANEIRO;7633;49
RIO GRANDE DO NORTE;5010;2
RIO GRANDE DO NORTE;5045;1
RIO GRANDE DO NORTE;5053;2
RIO GRANDE DO NORTE;5185;76
RIO GRANDE DO NORTE;5207;7
RIO GRANDE DO NORTE;5380;2
RIO GRANDE DO NORTE;5410;6
RIO GRANDE DO NORTE;5428;2
RIO GRANDE DO NORTE;5452;25
RIO GRANDE DO NORTE;5460;2
RIO GRANDE DO NORTE;5479;33
RIO GRANDE DO NORTE;5487;24
RIO GRANDE DO NORTE;5495;3
RIO GRANDE DO NORTE;5509;4
RIO GRANDE DO NORTE;5525;3
RIO GRANDE DO NORTE;5541;60
RIO GRANDE DO NORTE;5550;39
RIO GRANDE DO NORTE;5568;22
RIO GRANDE DO NORTE;5673;34
RIO GRANDE DO NORTE;5681;3
RIO GRANDE DO NORTE;5720;3
RIO GRANDE DO NORTE;5738;7
RIO GRANDE DO NORTE;5746;6
RIO GRANDE DO NORTE;5819;3
RIO GRANDE DO NORTE;5835;3
RIO GRANDE DO NORTE;5851;1
RIO GRANDE DO NORTE;5967;3
RIO GRANDE DO NORTE;5991;8
RIO GRANDE DO NORTE;6025;1
RIO GRANDE DO NORTE;6041;46
RIO GRANDE DO NORTE;6050;102
RIO GRANDE DO NORTE;6068;19
RIO GRANDE DO NORTE;6122;3
RIO GRANDE DO NORTE;6270;1
RIO GRANDE DO NORTE;6530;1
RIO GRANDE DO NORTE;6564;1
RIO GRANDE DO NORTE;6599;5
RIO GRANDE DO NORTE;6602;1
RIO GRANDE DO NORTE;6637;3
RIO GRANDE DO NORTE;6645;13
RIO GRANDE DO NORTE;6726;4
RIO GRANDE DO NORTE;6750;2
RIO GRANDE DO NORTE;6769;4
RIO GRANDE DO NORTE;6815;1
RIO GRANDE DO NORTE;6823;3
RIO GRANDE DO NORTE;6831;1
RIO GRANDE DO NORTE;6858;1
RIO GRANDE DO NORTE;6866;1
RIO GRANDE DO NORTE;6912;1
RIO GRANDE DO NORTE;7030;6
RIO GRANDE DO NORTE;7048;2
RIO GRANDE DO NORTE;7218;2
RIO GRANDE DO NORTE;7242;12
RIO GRANDE DO NORTE;7293;1
RIO GRANDE DO NORTE;7366;12
RIO GRANDE DO NORTE;7455;201
RIO GRANDE DO NORTE;7463;33
RIO GRANDE DO NORTE;7471;3
RIO GRANDE DO NORTE;7579;2
RIO GRANDE DO NORTE;7587;2
RIO GRANDE DO NORTE;7617;2
RIO GRANDE DO NORTE;7625;6
RIO GRANDE DO NORTE;7633;40
RIO GRANDE DO SUL;5010;3
RIO GRANDE DO SUL;5053;1
RIO GRANDE DO SUL;5169;1
RIO GRANDE DO SUL;5185;18
RIO GRANDE DO SUL;5193;2
RIO GRANDE DO SUL;5215;1
RIO GRANDE DO SUL;5380;4
RIO GRANDE DO SUL;5410;12
RIO GRANDE DO SUL;5428;1
RIO GRANDE DO SUL;5444;5
RIO GRANDE DO SUL;5452;17
RIO GRANDE DO SUL;5460;1
RIO GRANDE DO SUL;5479;6
RIO GRANDE DO SUL;5487;2
RIO GRANDE DO SUL;5509;1
RIO GRANDE DO SUL;5541;9
RIO GRANDE DO SUL;5550;24
RIO GRANDE DO SUL;5568;15
RIO GRANDE DO SUL;5592;2
RIO GRANDE DO SUL;5622;1
RIO GRANDE DO SUL;5665;2
RIO GRANDE DO SUL;5673;10
RIO GRANDE DO SUL;5681;9
RIO GRANDE DO SUL;5746;180
RIO GRANDE DO SUL;5835;2
RIO GRANDE DO SUL;5843;2
RIO GRANDE DO SUL;5967;1
RIO GRANDE DO SUL;6041;4
RIO GRANDE DO SUL;6050;52
RIO GRANDE DO SUL;6068;11
RIO GRANDE DO SUL;6122;1
RIO GRANDE DO SUL;6270;2
RIO GRANDE DO SUL;6556;2
RIO GRANDE DO SUL;6599;1
RIO GRANDE DO SUL;6602;1
RIO GRANDE DO SUL;6637;6
RIO GRANDE DO SUL;6645;12
RIO GRANDE DO SUL;6700;1
RIO GRANDE DO SUL;6718;1
RIO GRANDE DO SUL;6726;4
RIO GRANDE DO SUL;6750;2
RIO GRANDE DO SUL;6769;4
RIO GRANDE DO SUL;6823;5
RIO GRANDE DO SUL;6831;4
RIO GRANDE DO SUL;6858;1
RIO GRANDE DO SUL;6912;2
RIO GRANDE DO SUL;7218;2
RIO GRANDE DO SUL;7242;18
RIO GRANDE DO SUL;7315;1
RIO GRANDE DO SUL;7340;2
RIO GRANDE DO SUL;7366;4
RIO GRANDE DO SUL;7455;169
RIO GRANDE DO SUL;7463;20
RIO GRANDE DO SUL;7579;7
RIO GRANDE DO SUL;7625;4
RIO GRANDE DO SUL;7633;21
RONDONIA;5010;2
RONDONIA;5045;1
RONDONIA;5053;1
RONDONIA;5169;1
RONDONIA;5185;11
RONDONIA;5193;1
RONDONIA;5410;5
RONDONIA;5452;6
RONDONIA;5479;1
RONDONIA;5487;1
RONDONIA;5541;3
RONDONIA;5550;6
RONDONIA;5568;4
RONDONIA;5681;5
RONDONIA;5720;3
RONDONIA;5746;6
RONDONIA;5819;3
RONDONIA;5851;2
RONDONIA;5967;1
RONDONIA;6033;1
RONDONIA;6050;12
RONDONIA;6556;2
RONDONIA;6580;1
RONDONIA;6599;4
RONDONIA;6637;2
RONDONIA;6645;2
RONDONIA;6670;1
RONDONIA;6769;1
RONDONIA;7234;1
RONDONIA;7242;3
RONDONIA;7366;1
RONDONIA;7455;40
RONDONIA;7463;9
RONDONIA;7471;3
RONDONIA;7579;1
RONDONIA;7587;1
RONDONIA;7625;1
RONDONIA;7633;7
RORAIMA;5010;228
RORAIMA;5029;3
RORAIMA;5037;5
RORAIMA;5045;34
RORAIMA;5061;2
RORAIMA;5118;20
RORAIMA;5169;44
RORAIMA;5185;1040
RORAIMA;5193;25
RORAIMA;5207;96
RORAIMA;5215;4
RORAIMA;5223;1
RORAIMA;5240;4
RORAIMA;5274;26
RORAIMA;5282;6
RORAIMA;5320;1
RORAIMA;5380;2
RORAIMA;5398;1
RORAIMA;5401;1
RORAIMA;5410;12
RORAIMA;5452;7
RORAIMA;5460;3
RORAIMA;5479;8
RORAIMA;5487;12
RORAIMA;5509;1
RORAIMA;5525;4
RORAIMA;5541;13
RORAIMA;5550;4
RORAIMA;5568;3
RORAIMA;5622;2
RORAIMA;5673;1
RORAIMA;5720;17
RORAIMA;5738;44
RORAIMA;5746;1
RORAIMA;5770;1
RORAIMA;5800;1
RORAIMA;5819;44
RORAIMA;5835;12
RORAIMA;5843;1
RORAIMA;5878;1
RORAIMA;5991;6
RORAIMA;6017;1
RORAIMA;6033;2
RORAIMA;6041;2
RORAIMA;6050;184
RORAIMA;6068;2
RORAIMA;6076;4
RORAIMA;6122;13
RORAIMA;6130;4
RORAIMA;6157;7
RORAIMA;6173;1
RORAIMA;6181;1
RORAIMA;6432;5
RORAIMA;6440;1
RORAIMA;6530;4
RORAIMA;6556;12
RORAIMA;6564;5
RORAIMA;6580;7
RORAIMA;6599;152
RORAIMA;6602;5
RORAIMA;6610;23
RORAIMA;6629;1
RORAIMA;6637;18
RORAIMA;6645;35
RORAIMA;6653;16
RORAIMA;6670;14
RORAIMA;6700;13
RORAIMA;6726;4
RORAIMA;6769;10
RORAIMA;6858;22
RORAIMA;6912;24
RORAIMA;6947;1
RORAIMA;6980;2
RORAIMA;7030;27
RORAIMA;7048;45
RORAIMA;7056;9
RORAIMA;7072;2
RORAIMA;7218;1
RORAIMA;7234;3
RORAIMA;7242;2
RORAIMA;7285;2
RORAIMA;7340;28
RORAIMA;7358;1
RORAIMA;7366;40
RORAIMA;7455;197
RORAIMA;7463;32
RORAIMA;7471;4
RORAIMA;7579;15
RORAIMA;7625;11
RORAIMA;7633;271
SANTA CATARINA;5010;4
SANTA CATARINA;5037;1
SANTA CATARINA;5045;1
SANTA CATARINA;5053;2
SANTA CATARINA;5118;1
SANTA CATARINA;5185;37
SANTA CATARINA;5193;1
SANTA CATARINA;5355;1
SANTA CATARINA;5380;3
SANTA CATARINA;5398;1
SANTA CATARINA;5410;9
SANTA CATARINA;5428;1
SANTA CATARINA;5444;1
SANTA CATARINA;5452;31
SANTA CATARINA;5460;4
SANTA CATARINA;5479;4
SANTA CATARINA;5487;10
SANTA CATARINA;5509;1
SANTA CATARINA;5525;6
SANTA CATARINA;5541;27
SANTA CATARINA;5550;28
SANTA CATARINA;5568;16
SANTA CATARINA;5614;1
SANTA CATARINA;5673;12
SANTA CATARINA;5681;10
SANTA CATARINA;5703;1
SANTA CATARINA;5738;4
SANTA CATARINA;5746;397
SANTA CATARINA;5770;2
SANTA CATARINA;5835;8
SANTA CATARINA;5843;1
SANTA CATARINA;5851;1
SANTA CATARINA;5932;1
SANTA CATARINA;5967;7
SANTA CATARINA;5991;1
SANTA CATARINA;6033;1
SANTA CATARINA;6041;11
SANTA CATARINA;6050;72
SANTA CATARINA;6068;12
SANTA CATARINA;6122;2
SANTA CATARINA;6491;1
SANTA CATARINA;6564;1
SANTA CATARINA;6599;3
SANTA CATARINA;6602;1
SANTA CATARINA;6610;1
SANTA CATARINA;6637;12
SANTA CATARINA;6645;24
SANTA CATARINA;6688;1
SANTA CATARINA;6700;5
SANTA CATARINA;6726;6
SANTA CATARINA;6750;10
SANTA CATARINA;6769;4
SANTA CATARINA;6831;4
SANTA CATARINA;6858;1
SANTA CATARINA;6912;5
SANTA CATARINA;6947;1
SANTA CATARINA;6980;2
SANTA CATARINA;7048;1
SANTA CATARINA;7218;2
SANTA CATARINA;7234;3
SANTA CATARINA;7242;17
SANTA CATARINA;7340;2
SANTA CATARINA;7366;8
SANTA CATARINA;7455;360
SANTA CATARINA;7463;43
SANTA CATARINA;7471;1
SANTA CATARINA;7579;6
SANTA CATARINA;7587;2
SANTA CATARINA;7625;3
SANTA CATARINA;7633;34
SAO PAULO;5002;1555
SAO PAULO;5010;50
SAO PAULO;5029;1
SAO PAULO;5037;1
SAO PAULO;5045;21
SAO PAULO;5053;11
SAO PAULO;5061;2
SAO PAULO;5142;1
SAO PAULO;5169;4
SAO PAULO;5185;8898
SAO PAULO;5193;345
SAO PAULO;5207;1107
SAO PAULO;5215;94
SAO PAULO;5223;1
SAO PAULO;5231;88
SAO PAULO;5240;1
SAO PAULO;5258;57
SAO PAULO;5266;6
SAO PAULO;5274;1
SAO PAULO;5347;1
SAO PAULO;5363;1
SAO PAULO;5371;13
SAO PAULO;5380;623
SAO PAULO;5398;45
SAO PAULO;5401;74
SAO PAULO;5410;140
SAO PAULO;5428;53
SAO PAULO;5436;1
SAO PAULO;5444;14
SAO PAULO;5452;4574
SAO PAULO;5460;399
SAO PAULO;5479;137
SAO PAULO;5487;570
SAO PAULO;5495;5
SAO PAULO;5509;395
SAO PAULO;5517;4
SAO PAULO;5525;989
SAO PAULO;5541;6165
SAO PAULO;5550;4538
SAO PAULO;5568;3234
SAO PAULO;5576;20
SAO PAULO;5584;17
SAO PAULO;5592;98
SAO PAULO;5606;9
SAO PAULO;5614;12
SAO PAULO;5622;340
SAO PAULO;5630;26
SAO PAULO;5649;1
SAO PAULO;5657;16
SAO PAULO;5665;462
SAO PAULO;5673;2065
SAO PAULO;5681;916
SAO PAULO;5690;19
SAO PAULO;5703;22
SAO PAULO;5711;9
SAO PAULO;5720;105
SAO PAULO;5738;1320
SAO PAULO;5746;4079
SAO PAULO;5762;6
SAO PAULO;5770;6
SAO PAULO;5797;16
SAO PAULO;5800;16
SAO PAULO;5819;556
SAO PAULO;5827;44
SAO PAULO;5835;171
SAO PAULO;5843;287
SAO PAULO;5851;26
SAO PAULO;5878;50
SAO PAULO;5894;1
SAO PAULO;5908;7
SAO PAULO;5916;2
SAO PAULO;5924;5
SAO PAULO;5932;3
SAO PAULO;5940;11
SAO PAULO;5959;32
SAO PAULO;5967;187
SAO PAULO;5975;2
SAO PAULO;5991;194
SAO PAULO;6009;1
SAO PAULO;6017;97
SAO PAULO;6025;7
SAO PAULO;6033;9
SAO PAULO;6041;3019
SAO PAULO;6050;11267
SAO PAULO;6068;293
SAO PAULO;6076;17
SAO PAULO;6084;56
SAO PAULO;6122;251
SAO PAULO;6130;9
SAO PAULO;6149;3
SAO PAULO;6157;7
SAO PAULO;6165;1
SAO PAULO;6173;4
SAO PAULO;6181;15
SAO PAULO;6190;12
SAO PAULO;6203;2
SAO PAULO;6270;20
SAO PAULO;6297;1
SAO PAULO;6327;1
SAO PAULO;6378;1
SAO PAULO;6394;5
SAO PAULO;6408;2
SAO PAULO;6440;3
SAO PAULO;6459;3
SAO PAULO;6483;6
SAO PAULO;6491;20
SAO PAULO;6521;1
SAO PAULO;6530;915
SAO PAULO;6548;1
SAO PAULO;6556;5
SAO PAULO;6564;62
SAO PAULO;6580;3
SAO PAULO;6599;90
SAO PAULO;6602;14
SAO PAULO;6610;2
SAO PAULO;6637;26
SAO PAULO;6645;51
SAO PAULO;6670;3
SAO PAULO;6688;3
SAO PAULO;6696;1
SAO PAULO;6700;66
SAO PAULO;6726;21
SAO PAULO;6750;18
SAO PAULO;6769;64
SAO PAULO;6777;5
SAO PAULO;6785;15
SAO PAULO;6793;1
SAO PAULO;6807;1
SAO PAULO;6823;14
SAO PAULO;6831;54
SAO PAULO;6840;3
SAO PAULO;6858;40
SAO PAULO;6866;39
SAO PAULO;6874;1
SAO PAULO;6912;36
SAO PAULO;6920;1
SAO PAULO;6947;24
SAO PAULO;6955;5
SAO PAULO;6980;12
SAO PAULO;7005;1
SAO PAULO;7030;92
SAO PAULO;7048;91
SAO PAULO;7056;138
SAO PAULO;7064;81
SAO PAULO;7072;6
SAO PAULO;7099;23
SAO PAULO;7102;4
SAO PAULO;7145;3
SAO PAULO;7153;2
SAO PAULO;7196;2
SAO PAULO;7218;22
SAO PAULO;7234;428
SAO PAULO;7242;305
SAO PAULO;7293;16
SAO PAULO;7315;16
SAO PAULO;7340;21
SAO PAULO;7358;2
SAO PAULO;7366;1291
SAO PAULO;7374;15
SAO PAULO;7455;31912
SAO PAULO;7463;4788
SAO PAULO;7471;532
SAO PAULO;7579;25
SAO PAULO;7587;194
SAO PAULO;7617;24
SAO PAULO;7625;568
SAO PAULO;7633;5256
SERGIPE;5010;10
SERGIPE;5037;1
SERGIPE;5045;3
SERGIPE;5053;7
SERGIPE;5118;5
SERGIPE;5169;1
SERGIPE;5185;22
SERGIPE;5193;2
SERGIPE;5207;1
SERGIPE;5347;1
SERGIPE;5380;1
SERGIPE;5398;1
SERGIPE;5410;1
SERGIPE;5428;2
SERGIPE;5444;4
SERGIPE;5452;4
SERGIPE;5460;1
SERGIPE;5479;2
SERGIPE;5487;4
SERGIPE;5509;2
SERGIPE;5525;2
SERGIPE;5541;6
SERGIPE;5550;5
SERGIPE;5568;3
SERGIPE;5673;2
SERGIPE;5703;1
SERGIPE;5738;2
SERGIPE;5746;12
SERGIPE;5819;1
SERGIPE;5835;3
SERGIPE;5843;2
SERGIPE;5967;5
SERGIPE;6017;1
SERGIPE;6033;2
SERGIPE;6041;3
SERGIPE;6050;9
SERGIPE;6068;108
SERGIPE;6084;1
SERGIPE;6270;3
SERGIPE;6530;5
SERGIPE;6564;2
SERGIPE;6580;1
SERGIPE;6599;8
SERGIPE;6602;1
SERGIPE;6610;1
SERGIPE;6637;29
SERGIPE;6645;26
SERGIPE;6670;2
SERGIPE;6688;3
SERGIPE;6700;4
SERGIPE;6726;14
SERGIPE;6750;5
SERGIPE;6769;9
SERGIPE;6823;3
SERGIPE;6831;9
SERGIPE;6858;1
SERGIPE;6866;3
SERGIPE;6912;5
SERGIPE;6920;1
SERGIPE;6947;2
SERGIPE;6980;13
SERGIPE;7030;23
SERGIPE;7048;7
SERGIPE;7218;4
SERGIPE;7234;2
SERGIPE;7242;41
SERGIPE;7277;1
SERGIPE;7340;3
SERGIPE;7366;4
SERGIPE;7455;294
SERGIPE;7463;33
SERGIPE;7471;1
SERGIPE;7625;1
SERGIPE;7633;3
TOCANTINS;5010;7
TOCANTINS;5061;2
TOCANTINS;5185;28
TOCANTINS;5193;3
TOCANTINS;5207;2
TOCANTINS;5380;3
TOCANTINS;5410;6
TOCANTINS;5452;15
TOCANTINS;5479;7
TOCANTINS;5487;4
TOCANTINS;5541;5
TOCANTINS;5550;22
TOCANTINS;5568;6
TOCANTINS;5622;1
TOCANTINS;5673;3
TOCANTINS;5681;9
TOCANTINS;5738;3
TOCANTINS;5746;6
TOCANTINS;5819;1
TOCANTINS;5835;2
TOCANTINS;5843;1
TOCANTINS;5851;1
TOCANTINS;5967;3
TOCANTINS;5975;1
TOCANTINS;6033;1
TOCANTINS;6041;2
TOCANTINS;6050;13
TOCANTINS;6068;2
TOCANTINS;6122;2
TOCANTINS;6130;1
TOCANTINS;6270;1
TOCANTINS;6599;2
TOCANTINS;6602;3
TOCANTINS;6645;3
TOCANTINS;6653;2
TOCANTINS;6700;3
TOCANTINS;6769;7
TOCANTINS;6858;2
TOCANTINS;6912;3
TOCANTINS;7030;2
TOCANTINS;7242;55
TOCANTINS;7340;1
TOCANTINS;7455;102
TOCANTINS;7463;21
TOCANTINS;7471;5
TOCANTINS;7579;7
TOCANTINS;7625;1
TOCANTINS;7633;12
